V1	V(n001)	V(n002)	I(R1)
0.000000000000000e+00	0.000000e+00	0.000000e+00	0.000000e+00
1.000000000000000e-02	1.000000e-02	6.222449e-09	6.222449e-10
2.000000000000000e-02	2.000000e-02	1.398131e-08	1.398131e-09
3.000000000000000e-02	3.000000e-02	2.365595e-08	2.365595e-09
4.000000000000000e-02	4.000000e-02	3.571941e-08	3.571941e-09
5.000000000000000e-02	5.000000e-02	5.076154e-08	5.076154e-09
6.000000000000000e-02	6.000000e-02	6.951780e-08	6.951780e-09
7.000000000000001e-02	7.000000e-02	9.290530e-08	9.290529e-09
8.000000000000000e-02	8.000000e-02	1.220675e-07	1.220675e-08
9.000000000000000e-02	9.000000e-02	1.584304e-07	1.584304e-08
1.000000000000000e-01	1.000000e-01	2.037718e-07	2.037718e-08
1.100000000000000e-01	1.100000e-01	2.603088e-07	2.603088e-08
1.200000000000000e-01	1.200000e-01	3.308055e-07	3.308055e-08
1.300000000000000e-01	1.300000e-01	4.187089e-07	4.187088e-08
1.400000000000000e-01	1.400000e-01	5.283167e-07	5.283166e-08
1.500000000000000e-01	1.500000e-01	6.649879e-07	6.649879e-08
1.600000000000000e-01	1.600000e-01	8.354045e-07	8.354045e-08
1.700000000000000e-01	1.700000e-01	1.047898e-06	1.047898e-07
1.800000000000000e-01	1.800000e-01	1.312858e-06	1.312858e-07
1.900000000000000e-01	1.900000e-01	1.643236e-06	1.643236e-07
2.000000000000000e-01	2.000000e-01	2.055184e-06	2.055184e-07
2.100000000000000e-01	2.100000e-01	2.568839e-06	2.568839e-07
2.200000000000000e-01	2.200000e-01	3.209307e-06	3.209307e-07
2.300000000000000e-01	2.300000e-01	4.007892e-06	4.007892e-07
2.400000000000000e-01	2.400000e-01	5.003621e-06	5.003621e-07
2.500000000000000e-01	2.500000e-01	6.245150e-06	6.245149e-07
2.600000000000000e-01	2.600000e-01	7.793134e-06	7.793134e-07
2.700000000000000e-01	2.700000e-01	9.723188e-06	9.723188e-07
2.800000000000000e-01	2.800000e-01	1.212957e-05	1.212957e-06
2.900000000000000e-01	2.900000e-01	1.512974e-05	1.512974e-06
3.000000000000000e-01	3.000000e-01	1.887014e-05	1.887014e-06
3.100000000000000e-01	3.100000e-01	2.353319e-05	2.353319e-06
3.200000000000000e-01	3.200000e-01	2.934621e-05	2.934621e-06
3.300000000000000e-01	3.300000e-01	3.659238e-05	3.659238e-06
3.400000000000000e-01	3.400000e-01	4.562433e-05	4.562433e-06
3.500000000000000e-01	3.500000e-01	5.688111e-05	5.688111e-06
3.600000000000000e-01	3.600000e-01	7.090914e-05	7.090914e-06
3.700000000000000e-01	3.700000e-01	8.838811e-05	8.838811e-06
3.800000000000000e-01	3.800000e-01	1.101631e-04	1.101631e-05
3.900000000000000e-01	3.900000e-01	1.372837e-04	1.372837e-05
4.000000000000000e-01	4.000000e-01	1.710531e-04	1.710531e-05
4.100000000000000e-01	4.100000e-01	2.130865e-04	2.130865e-05
4.200000000000000e-01	4.200000e-01	2.653839e-04	2.653839e-05
4.300000000000000e-01	4.300000e-01	3.304169e-04	3.304169e-05
4.400000000000000e-01	4.400000e-01	4.112334e-04	4.112334e-05
4.500000000000000e-01	4.500000e-01	5.115822e-04	5.115822e-05
4.600000000000000e-01	4.600000e-01	6.360585e-04	6.360585e-05
4.700000000000000e-01	4.700000e-01	7.902720e-04	7.902720e-05
4.800000000000000e-01	4.800000e-01	9.810368e-04	9.810369e-05
4.900000000000000e-01	4.900000e-01	1.216578e-03	1.216578e-04
5.000000000000000e-01	5.000000e-01	1.506749e-03	1.506749e-04
5.100000000000000e-01	5.100000e-01	1.863244e-03	1.863244e-04
5.200000000000000e-01	5.200000e-01	2.299785e-03	2.299785e-04
5.300000000000000e-01	5.300000e-01	2.832260e-03	2.832259e-04
5.400000000000000e-01	5.400000e-01	3.478754e-03	3.478753e-04
5.500000000000000e-01	5.500000e-01	4.259461e-03	4.259461e-04
5.600000000000001e-01	5.600000e-01	5.196405e-03	5.196405e-04
5.700000000000001e-01	5.700000e-01	6.312946e-03	6.312946e-04
5.800000000000000e-01	5.800000e-01	7.633067e-03	7.633067e-04
5.900000000000000e-01	5.900000e-01	9.180452e-03	9.180452e-04
6.000000000000000e-01	6.000000e-01	1.097744e-02	1.097744e-03
6.100000000000000e-01	6.100000e-01	1.304393e-02	1.304393e-03
6.200000000000000e-01	6.200000e-01	1.539640e-02	1.539640e-03
6.300000000000000e-01	6.300000e-01	1.804717e-02	1.804717e-03
6.400000000000000e-01	6.400000e-01	2.100392e-02	2.100392e-03
6.500000000000000e-01	6.500000e-01	2.426962e-02	2.426962e-03
6.600000000000000e-01	6.600000e-01	2.784274e-02	2.784274e-03
6.700000000000000e-01	6.700000e-01	3.171781e-02	3.171781e-03
6.800000000000000e-01	6.800000e-01	3.588604e-02	3.588604e-03
6.900000000000001e-01	6.900000e-01	4.033608e-02	4.033608e-03
7.000000000000001e-01	7.000000e-01	4.505478e-02	4.505478e-03
7.100000000000000e-01	7.100000e-01	5.002785e-02	5.002785e-03
7.200000000000000e-01	7.200000e-01	5.524043e-02	5.524043e-03
7.300000000000000e-01	7.300000e-01	6.067754e-02	6.067754e-03
7.400000000000000e-01	7.400000e-01	6.632447e-02	6.632447e-03
7.500000000000000e-01	7.500000e-01	7.216699e-02	7.216699e-03
7.600000000000000e-01	7.600000e-01	7.819153e-02	7.819153e-03
7.700000000000000e-01	7.700000e-01	8.438531e-02	8.438530e-03
7.800000000000000e-01	7.800000e-01	9.073632e-02	9.073633e-03
7.900000000000000e-01	7.900000e-01	9.723345e-02	9.723345e-03
8.000000000000000e-01	8.000000e-01	1.038664e-01	1.038664e-02
8.100000000000001e-01	8.100000e-01	1.106255e-01	1.106255e-02
8.200000000000001e-01	8.200000e-01	1.175022e-01	1.175022e-02
8.300000000000001e-01	8.300000e-01	1.244882e-01	1.244882e-02
8.400000000000000e-01	8.400000e-01	1.315763e-01	1.315763e-02
8.500000000000000e-01	8.500000e-01	1.387595e-01	1.387595e-02
8.600000000000000e-01	8.600000e-01	1.460317e-01	1.460317e-02
8.700000000000000e-01	8.700000e-01	1.533871e-01	1.533871e-02
8.800000000000000e-01	8.800000e-01	1.608204e-01	1.608204e-02
8.900000000000000e-01	8.900000e-01	1.683268e-01	1.683268e-02
9.000000000000000e-01	9.000000e-01	1.759018e-01	1.759018e-02
9.100000000000000e-01	9.100000e-01	1.835414e-01	1.835414e-02
9.200000000000000e-01	9.200000e-01	1.912416e-01	1.912416e-02
9.300000000000000e-01	9.300000e-01	1.989992e-01	1.989991e-02
9.400000000000001e-01	9.400000e-01	2.068107e-01	2.068107e-02
9.500000000000001e-01	9.500000e-01	2.146732e-01	2.146732e-02
9.600000000000000e-01	9.600000e-01	2.225840e-01	2.225840e-02
9.700000000000000e-01	9.700000e-01	2.305405e-01	2.305405e-02
9.800000000000000e-01	9.800000e-01	2.385404e-01	2.385404e-02
9.900000000000000e-01	9.900000e-01	2.465813e-01	2.465813e-02
1.000000000000000e+00	1.000000e+00	2.546613e-01	2.546613e-02
1.010000000000000e+00	1.010000e+00	2.627784e-01	2.627784e-02
1.020000000000000e+00	1.020000e+00	2.709308e-01	2.709308e-02
1.030000000000000e+00	1.030000e+00	2.791169e-01	2.791169e-02
1.040000000000000e+00	1.040000e+00	2.873351e-01	2.873351e-02
1.050000000000000e+00	1.050000e+00	2.955840e-01	2.955840e-02
1.060000000000000e+00	1.060000e+00	3.038622e-01	3.038622e-02
1.070000000000000e+00	1.070000e+00	3.121683e-01	3.121683e-02
1.080000000000000e+00	1.080000e+00	3.205012e-01	3.205012e-02
1.090000000000000e+00	1.090000e+00	3.288598e-01	3.288598e-02
1.100000000000000e+00	1.100000e+00	3.372429e-01	3.372429e-02
1.110000000000000e+00	1.110000e+00	3.456497e-01	3.456497e-02
1.120000000000000e+00	1.120000e+00	3.540790e-01	3.540790e-02
1.130000000000000e+00	1.130000e+00	3.625301e-01	3.625301e-02
1.140000000000000e+00	1.140000e+00	3.710021e-01	3.710021e-02
1.150000000000000e+00	1.150000e+00	3.794942e-01	3.794942e-02
1.160000000000000e+00	1.160000e+00	3.880056e-01	3.880056e-02
1.170000000000000e+00	1.170000e+00	3.965357e-01	3.965357e-02
1.180000000000000e+00	1.180000e+00	4.050837e-01	4.050837e-02
1.190000000000000e+00	1.190000e+00	4.136490e-01	4.136490e-02
1.200000000000000e+00	1.200000e+00	4.222310e-01	4.222310e-02
1.210000000000000e+00	1.210000e+00	4.308291e-01	4.308292e-02
1.220000000000000e+00	1.220000e+00	4.394428e-01	4.394428e-02
1.230000000000000e+00	1.230000e+00	4.480715e-01	4.480715e-02
1.240000000000000e+00	1.240000e+00	4.567148e-01	4.567148e-02
1.250000000000000e+00	1.250000e+00	4.653721e-01	4.653721e-02
1.260000000000000e+00	1.260000e+00	4.740430e-01	4.740430e-02
1.270000000000000e+00	1.270000e+00	4.827271e-01	4.827271e-02
1.280000000000000e+00	1.280000e+00	4.914240e-01	4.914240e-02
1.290000000000000e+00	1.290000e+00	5.001333e-01	5.001333e-02
1.300000000000000e+00	1.300000e+00	5.088545e-01	5.088545e-02
1.310000000000000e+00	1.310000e+00	5.175874e-01	5.175874e-02
1.320000000000000e+00	1.320000e+00	5.263315e-01	5.263316e-02
1.330000000000000e+00	1.330000e+00	5.350867e-01	5.350867e-02
1.340000000000000e+00	1.340000e+00	5.438524e-01	5.438524e-02
1.350000000000000e+00	1.350000e+00	5.526286e-01	5.526286e-02
1.360000000000000e+00	1.360000e+00	5.614147e-01	5.614147e-02
1.370000000000000e+00	1.370000e+00	5.702106e-01	5.702106e-02
1.380000000000000e+00	1.380000e+00	5.790160e-01	5.790161e-02
1.390000000000000e+00	1.390000e+00	5.878307e-01	5.878307e-02
1.400000000000000e+00	1.400000e+00	5.966544e-01	5.966544e-02
1.410000000000000e+00	1.410000e+00	6.054868e-01	6.054868e-02
1.420000000000000e+00	1.420000e+00	6.143277e-01	6.143278e-02
1.430000000000000e+00	1.430000e+00	6.231770e-01	6.231770e-02
1.440000000000000e+00	1.440000e+00	6.320344e-01	6.320344e-02
1.450000000000000e+00	1.450000e+00	6.408996e-01	6.408996e-02
1.460000000000000e+00	1.460000e+00	6.497726e-01	6.497726e-02
1.470000000000000e+00	1.470000e+00	6.586530e-01	6.586530e-02
1.480000000000000e+00	1.480000e+00	6.675408e-01	6.675408e-02
1.490000000000000e+00	1.490000e+00	6.764357e-01	6.764358e-02
1.500000000000000e+00	1.500000e+00	6.853377e-01	6.853376e-02
1.510000000000000e+00	1.510000e+00	6.942464e-01	6.942464e-02
1.520000000000000e+00	1.520000e+00	7.031618e-01	7.031617e-02
1.530000000000000e+00	1.530000e+00	7.120836e-01	7.120837e-02
1.540000000000000e+00	1.540000e+00	7.210119e-01	7.210118e-02
1.550000000000000e+00	1.550000e+00	7.299463e-01	7.299463e-02
1.560000000000000e+00	1.560000e+00	7.388868e-01	7.388868e-02
1.570000000000000e+00	1.570000e+00	7.478333e-01	7.478333e-02
1.580000000000000e+00	1.580000e+00	7.567856e-01	7.567856e-02
1.590000000000000e+00	1.590000e+00	7.657435e-01	7.657435e-02
1.600000000000000e+00	1.600000e+00	7.747070e-01	7.747070e-02
1.610000000000000e+00	1.610000e+00	7.836760e-01	7.836760e-02
1.620000000000000e+00	1.620000e+00	7.926502e-01	7.926502e-02
1.630000000000000e+00	1.630000e+00	8.016297e-01	8.016297e-02
1.640000000000000e+00	1.640000e+00	8.106143e-01	8.106144e-02
1.650000000000000e+00	1.650000e+00	8.196040e-01	8.196039e-02
1.660000000000000e+00	1.660000e+00	8.285985e-01	8.285984e-02
1.670000000000000e+00	1.670000e+00	8.375978e-01	8.375978e-02
1.680000000000000e+00	1.680000e+00	8.466018e-01	8.466019e-02
1.690000000000000e+00	1.690000e+00	8.556105e-01	8.556105e-02
1.700000000000000e+00	1.700000e+00	8.646237e-01	8.646237e-02
1.710000000000000e+00	1.710000e+00	8.736413e-01	8.736413e-02
1.720000000000000e+00	1.720000e+00	8.826633e-01	8.826633e-02
1.730000000000000e+00	1.730000e+00	8.916895e-01	8.916896e-02
1.740000000000000e+00	1.740000e+00	9.007200e-01	9.007200e-02
1.750000000000000e+00	1.750000e+00	9.097546e-01	9.097546e-02
1.760000000000000e+00	1.760000e+00	9.187932e-01	9.187932e-02
1.770000000000000e+00	1.770000e+00	9.278358e-01	9.278358e-02
1.780000000000000e+00	1.780000e+00	9.368823e-01	9.368823e-02
1.790000000000000e+00	1.790000e+00	9.459325e-01	9.459326e-02
1.800000000000000e+00	1.800000e+00	9.549866e-01	9.549866e-02
1.810000000000000e+00	1.810000e+00	9.640443e-01	9.640443e-02
1.820000000000000e+00	1.820000e+00	9.731057e-01	9.731057e-02
1.830000000000000e+00	1.830000e+00	9.821706e-01	9.821706e-02
1.840000000000000e+00	1.840000e+00	9.912391e-01	9.912391e-02
1.850000000000000e+00	1.850000e+00	1.000311e+00	1.000311e-01
1.860000000000000e+00	1.860000e+00	1.009386e+00	1.009386e-01
1.870000000000000e+00	1.870000e+00	1.018465e+00	1.018465e-01
1.880000000000000e+00	1.880000e+00	1.027547e+00	1.027547e-01
1.890000000000000e+00	1.890000e+00	1.036632e+00	1.036632e-01
1.900000000000000e+00	1.900000e+00	1.045720e+00	1.045720e-01
1.910000000000000e+00	1.910000e+00	1.054811e+00	1.054811e-01
1.920000000000000e+00	1.920000e+00	1.063906e+00	1.063906e-01
1.930000000000000e+00	1.930000e+00	1.073003e+00	1.073003e-01
1.940000000000000e+00	1.940000e+00	1.082103e+00	1.082104e-01
1.950000000000000e+00	1.950000e+00	1.091207e+00	1.091207e-01
1.960000000000000e+00	1.960000e+00	1.100313e+00	1.100313e-01
1.970000000000000e+00	1.970000e+00	1.109422e+00	1.109422e-01
1.980000000000000e+00	1.980000e+00	1.118534e+00	1.118534e-01
1.990000000000000e+00	1.990000e+00	1.127648e+00	1.127648e-01
2.000000000000000e+00	2.000000e+00	1.136766e+00	1.136766e-01
2.010000000000000e+00	2.010000e+00	1.145885e+00	1.145885e-01
2.020000000000000e+00	2.020000e+00	1.155008e+00	1.155008e-01
2.030000000000000e+00	2.030000e+00	1.164133e+00	1.164133e-01
2.040000000000000e+00	2.040000e+00	1.173261e+00	1.173261e-01
2.050000000000000e+00	2.050000e+00	1.182391e+00	1.182391e-01
2.060000000000000e+00	2.060000e+00	1.191523e+00	1.191523e-01
2.070000000000000e+00	2.070000e+00	1.200658e+00	1.200658e-01
2.080000000000000e+00	2.080000e+00	1.209796e+00	1.209796e-01
2.090000000000000e+00	2.090000e+00	1.218936e+00	1.218936e-01
2.100000000000000e+00	2.100000e+00	1.228078e+00	1.228078e-01
2.110000000000000e+00	2.110000e+00	1.237222e+00	1.237222e-01
2.120000000000000e+00	2.120000e+00	1.246369e+00	1.246369e-01
2.130000000000000e+00	2.130000e+00	1.255518e+00	1.255518e-01
2.140000000000000e+00	2.140000e+00	1.264669e+00	1.264669e-01
2.150000000000000e+00	2.150000e+00	1.273822e+00	1.273822e-01
2.160000000000000e+00	2.160000e+00	1.282978e+00	1.282978e-01
2.170000000000000e+00	2.170000e+00	1.292135e+00	1.292135e-01
2.180000000000000e+00	2.180000e+00	1.301295e+00	1.301295e-01
2.190000000000000e+00	2.190000e+00	1.310457e+00	1.310457e-01
2.200000000000000e+00	2.200000e+00	1.319620e+00	1.319620e-01
2.210000000000000e+00	2.210000e+00	1.328786e+00	1.328786e-01
2.220000000000000e+00	2.220000e+00	1.337954e+00	1.337954e-01
2.230000000000000e+00	2.230000e+00	1.347123e+00	1.347123e-01
2.240000000000000e+00	2.240000e+00	1.356295e+00	1.356295e-01
2.250000000000000e+00	2.250000e+00	1.365469e+00	1.365469e-01
2.260000000000000e+00	2.260000e+00	1.374644e+00	1.374644e-01
2.270000000000000e+00	2.270000e+00	1.383821e+00	1.383821e-01
2.280000000000000e+00	2.280000e+00	1.393000e+00	1.393000e-01
2.290000000000000e+00	2.290000e+00	1.402181e+00	1.402181e-01
2.300000000000000e+00	2.300000e+00	1.411363e+00	1.411363e-01
2.310000000000000e+00	2.310000e+00	1.420548e+00	1.420548e-01
2.320000000000000e+00	2.320000e+00	1.429734e+00	1.429734e-01
2.330000000000000e+00	2.330000e+00	1.438922e+00	1.438922e-01
2.340000000000000e+00	2.340000e+00	1.448111e+00	1.448112e-01
2.350000000000000e+00	2.350000e+00	1.457303e+00	1.457303e-01
2.360000000000000e+00	2.360000e+00	1.466496e+00	1.466496e-01
2.370000000000000e+00	2.370000e+00	1.475690e+00	1.475690e-01
2.380000000000000e+00	2.380000e+00	1.484886e+00	1.484886e-01
2.390000000000000e+00	2.390000e+00	1.494084e+00	1.494084e-01
2.400000000000000e+00	2.400000e+00	1.503283e+00	1.503283e-01
2.410000000000000e+00	2.410000e+00	1.512484e+00	1.512484e-01
2.420000000000000e+00	2.420000e+00	1.521687e+00	1.521687e-01
2.430000000000000e+00	2.430000e+00	1.530891e+00	1.530891e-01
2.440000000000000e+00	2.440000e+00	1.540096e+00	1.540096e-01
2.450000000000000e+00	2.450000e+00	1.549303e+00	1.549303e-01
2.460000000000000e+00	2.460000e+00	1.558511e+00	1.558511e-01
2.470000000000000e+00	2.470000e+00	1.567721e+00	1.567721e-01
2.480000000000000e+00	2.480000e+00	1.576933e+00	1.576933e-01
2.490000000000000e+00	2.490000e+00	1.586145e+00	1.586145e-01
2.500000000000000e+00	2.500000e+00	1.595359e+00	1.595359e-01
2.510000000000000e+00	2.510000e+00	1.604575e+00	1.604575e-01
2.520000000000000e+00	2.520000e+00	1.613792e+00	1.613792e-01
2.530000000000000e+00	2.530000e+00	1.623010e+00	1.623010e-01
2.540000000000000e+00	2.540000e+00	1.632230e+00	1.632230e-01
2.550000000000000e+00	2.550000e+00	1.641451e+00	1.641451e-01
2.560000000000000e+00	2.560000e+00	1.650673e+00	1.650673e-01
2.570000000000000e+00	2.570000e+00	1.659897e+00	1.659897e-01
2.580000000000000e+00	2.580000e+00	1.669122e+00	1.669122e-01
2.590000000000000e+00	2.590000e+00	1.678348e+00	1.678348e-01
2.600000000000000e+00	2.600000e+00	1.687575e+00	1.687575e-01
2.610000000000000e+00	2.610000e+00	1.696804e+00	1.696804e-01
2.620000000000000e+00	2.620000e+00	1.706034e+00	1.706034e-01
2.630000000000000e+00	2.630000e+00	1.715265e+00	1.715265e-01
2.640000000000000e+00	2.640000e+00	1.724497e+00	1.724497e-01
2.650000000000000e+00	2.650000e+00	1.733731e+00	1.733731e-01
2.660000000000000e+00	2.660000e+00	1.742966e+00	1.742966e-01
2.670000000000000e+00	2.670000e+00	1.752201e+00	1.752201e-01
2.680000000000000e+00	2.680000e+00	1.761438e+00	1.761439e-01
2.690000000000000e+00	2.690000e+00	1.770677e+00	1.770677e-01
2.700000000000000e+00	2.700000e+00	1.779916e+00	1.779916e-01
2.710000000000000e+00	2.710000e+00	1.789157e+00	1.789157e-01
2.720000000000000e+00	2.720000e+00	1.798398e+00	1.798398e-01
2.730000000000000e+00	2.730000e+00	1.807641e+00	1.807641e-01
2.740000000000000e+00	2.740000e+00	1.816885e+00	1.816885e-01
2.750000000000000e+00	2.750000e+00	1.826130e+00	1.826130e-01
2.760000000000000e+00	2.760000e+00	1.835376e+00	1.835376e-01
2.770000000000000e+00	2.770000e+00	1.844623e+00	1.844623e-01
2.780000000000000e+00	2.780000e+00	1.853871e+00	1.853871e-01
2.790000000000000e+00	2.790000e+00	1.863120e+00	1.863120e-01
2.800000000000000e+00	2.800000e+00	1.872370e+00	1.872370e-01
2.810000000000000e+00	2.810000e+00	1.881621e+00	1.881621e-01
2.820000000000000e+00	2.820000e+00	1.890873e+00	1.890873e-01
2.830000000000000e+00	2.830000e+00	1.900127e+00	1.900127e-01
2.840000000000000e+00	2.840000e+00	1.909381e+00	1.909381e-01
2.850000000000000e+00	2.850000e+00	1.918636e+00	1.918636e-01
2.860000000000000e+00	2.860000e+00	1.927892e+00	1.927892e-01
2.870000000000000e+00	2.870000e+00	1.937149e+00	1.937149e-01
2.880000000000000e+00	2.880000e+00	1.946407e+00	1.946407e-01
2.890000000000000e+00	2.890000e+00	1.955666e+00	1.955666e-01
2.900000000000000e+00	2.900000e+00	1.964926e+00	1.964926e-01
2.910000000000000e+00	2.910000e+00	1.974187e+00	1.974187e-01
2.920000000000000e+00	2.920000e+00	1.983449e+00	1.983449e-01
2.930000000000000e+00	2.930000e+00	1.992712e+00	1.992712e-01
2.940000000000000e+00	2.940000e+00	2.001976e+00	2.001975e-01
2.950000000000000e+00	2.950000e+00	2.011240e+00	2.011240e-01
2.960000000000000e+00	2.960000e+00	2.020505e+00	2.020506e-01
2.970000000000000e+00	2.970000e+00	2.029772e+00	2.029772e-01
2.980000000000000e+00	2.980000e+00	2.039039e+00	2.039039e-01
2.990000000000000e+00	2.990000e+00	2.048307e+00	2.048307e-01
3.000000000000000e+00	3.000000e+00	2.057576e+00	2.057576e-01
3.010000000000000e+00	3.010000e+00	2.066846e+00	2.066846e-01
3.020000000000000e+00	3.020000e+00	2.076116e+00	2.076116e-01
3.030000000000000e+00	3.030000e+00	2.085388e+00	2.085388e-01
3.040000000000000e+00	3.040000e+00	2.094660e+00	2.094660e-01
3.050000000000000e+00	3.050000e+00	2.103933e+00	2.103933e-01
3.060000000000000e+00	3.060000e+00	2.113207e+00	2.113207e-01
3.070000000000000e+00	3.070000e+00	2.122482e+00	2.122482e-01
3.080000000000000e+00	3.080000e+00	2.131757e+00	2.131758e-01
3.090000000000000e+00	3.090000e+00	2.141034e+00	2.141034e-01
3.100000000000000e+00	3.100000e+00	2.150311e+00	2.150311e-01
3.110000000000000e+00	3.110000e+00	2.159589e+00	2.159589e-01
3.120000000000000e+00	3.120000e+00	2.168868e+00	2.168868e-01
3.130000000000000e+00	3.130000e+00	2.178147e+00	2.178147e-01
3.140000000000000e+00	3.140000e+00	2.187427e+00	2.187427e-01
3.150000000000000e+00	3.150000e+00	2.196708e+00	2.196708e-01
3.160000000000000e+00	3.160000e+00	2.205990e+00	2.205990e-01
3.170000000000000e+00	3.170000e+00	2.215272e+00	2.215272e-01
3.180000000000000e+00	3.180000e+00	2.224556e+00	2.224556e-01
3.190000000000000e+00	3.190000e+00	2.233840e+00	2.233840e-01
3.200000000000000e+00	3.200000e+00	2.243124e+00	2.243124e-01
3.210000000000000e+00	3.210000e+00	2.252410e+00	2.252410e-01
3.220000000000000e+00	3.220000e+00	2.261696e+00	2.261696e-01
3.230000000000000e+00	3.230000e+00	2.270983e+00	2.270983e-01
3.240000000000000e+00	3.240000e+00	2.280270e+00	2.280270e-01
3.250000000000000e+00	3.250000e+00	2.289558e+00	2.289558e-01
3.260000000000000e+00	3.260000e+00	2.298847e+00	2.298847e-01
3.270000000000000e+00	3.270000e+00	2.308137e+00	2.308137e-01
3.280000000000000e+00	3.280000e+00	2.317427e+00	2.317427e-01
3.290000000000000e+00	3.290000e+00	2.326718e+00	2.326718e-01
3.300000000000000e+00	3.300000e+00	2.336010e+00	2.336010e-01
3.310000000000000e+00	3.310000e+00	2.345302e+00	2.345302e-01
3.320000000000000e+00	3.320000e+00	2.354595e+00	2.354595e-01
3.330000000000000e+00	3.330000e+00	2.363889e+00	2.363889e-01
3.340000000000000e+00	3.340000e+00	2.373183e+00	2.373183e-01
3.350000000000000e+00	3.350000e+00	2.382478e+00	2.382478e-01
3.360000000000000e+00	3.360000e+00	2.391773e+00	2.391773e-01
3.370000000000000e+00	3.370000e+00	2.401070e+00	2.401070e-01
3.380000000000000e+00	3.380000e+00	2.410366e+00	2.410366e-01
3.390000000000000e+00	3.390000e+00	2.419664e+00	2.419664e-01
3.400000000000000e+00	3.400000e+00	2.428962e+00	2.428962e-01
3.410000000000000e+00	3.410000e+00	2.438261e+00	2.438261e-01
3.420000000000000e+00	3.420000e+00	2.447560e+00	2.447560e-01
3.430000000000000e+00	3.430000e+00	2.456860e+00	2.456860e-01
3.440000000000000e+00	3.440000e+00	2.466160e+00	2.466160e-01
3.450000000000000e+00	3.450000e+00	2.475461e+00	2.475461e-01
3.460000000000000e+00	3.460000e+00	2.484763e+00	2.484763e-01
3.470000000000000e+00	3.470000e+00	2.494065e+00	2.494065e-01
3.480000000000000e+00	3.480000e+00	2.503368e+00	2.503368e-01
3.490000000000000e+00	3.490000e+00	2.512672e+00	2.512672e-01
3.500000000000000e+00	3.500000e+00	2.521976e+00	2.521976e-01
3.510000000000000e+00	3.510000e+00	2.531281e+00	2.531281e-01
3.520000000000000e+00	3.520000e+00	2.540586e+00	2.540586e-01
3.530000000000000e+00	3.530000e+00	2.549891e+00	2.549891e-01
3.540000000000000e+00	3.540000e+00	2.559198e+00	2.559198e-01
3.550000000000000e+00	3.550000e+00	2.568505e+00	2.568505e-01
3.560000000000000e+00	3.560000e+00	2.577812e+00	2.577812e-01
3.570000000000000e+00	3.570000e+00	2.587120e+00	2.587120e-01
3.580000000000000e+00	3.580000e+00	2.596428e+00	2.596428e-01
3.590000000000000e+00	3.590000e+00	2.605737e+00	2.605737e-01
3.600000000000000e+00	3.600000e+00	2.615047e+00	2.615047e-01
3.610000000000000e+00	3.610000e+00	2.624357e+00	2.624357e-01
3.620000000000000e+00	3.620000e+00	2.633668e+00	2.633668e-01
3.630000000000000e+00	3.630000e+00	2.642979e+00	2.642979e-01
3.640000000000000e+00	3.640000e+00	2.652291e+00	2.652291e-01
3.650000000000000e+00	3.650000e+00	2.661603e+00	2.661603e-01
3.660000000000000e+00	3.660000e+00	2.670916e+00	2.670916e-01
3.670000000000000e+00	3.670000e+00	2.680229e+00	2.680229e-01
3.680000000000000e+00	3.680000e+00	2.689543e+00	2.689543e-01
3.690000000000000e+00	3.690000e+00	2.698857e+00	2.698857e-01
3.700000000000000e+00	3.700000e+00	2.708172e+00	2.708172e-01
3.710000000000000e+00	3.710000e+00	2.717487e+00	2.717487e-01
3.720000000000000e+00	3.720000e+00	2.726803e+00	2.726803e-01
3.730000000000000e+00	3.730000e+00	2.736119e+00	2.736119e-01
3.740000000000000e+00	3.740000e+00	2.745436e+00	2.745436e-01
3.750000000000000e+00	3.750000e+00	2.754753e+00	2.754753e-01
3.760000000000000e+00	3.760000e+00	2.764071e+00	2.764071e-01
3.770000000000000e+00	3.770000e+00	2.773389e+00	2.773389e-01
3.780000000000000e+00	3.780000e+00	2.782708e+00	2.782708e-01
3.790000000000000e+00	3.790000e+00	2.792027e+00	2.792027e-01
3.800000000000000e+00	3.800000e+00	2.801347e+00	2.801347e-01
3.810000000000000e+00	3.810000e+00	2.810667e+00	2.810667e-01
3.820000000000000e+00	3.820000e+00	2.819988e+00	2.819988e-01
3.830000000000000e+00	3.830000e+00	2.829309e+00	2.829309e-01
3.840000000000000e+00	3.840000e+00	2.838630e+00	2.838630e-01
3.850000000000000e+00	3.850000e+00	2.847952e+00	2.847952e-01
3.860000000000000e+00	3.860000e+00	2.857274e+00	2.857274e-01
3.870000000000000e+00	3.870000e+00	2.866597e+00	2.866597e-01
3.880000000000000e+00	3.880000e+00	2.875921e+00	2.875921e-01
3.890000000000000e+00	3.890000e+00	2.885244e+00	2.885244e-01
3.900000000000000e+00	3.900000e+00	2.894568e+00	2.894568e-01
3.910000000000000e+00	3.910000e+00	2.903893e+00	2.903893e-01
3.920000000000000e+00	3.920000e+00	2.913218e+00	2.913218e-01
3.930000000000000e+00	3.930000e+00	2.922544e+00	2.922544e-01
3.940000000000000e+00	3.940000e+00	2.931870e+00	2.931869e-01
3.950000000000000e+00	3.950000e+00	2.941196e+00	2.941196e-01
3.960000000000000e+00	3.960000e+00	2.950523e+00	2.950523e-01
3.970000000000000e+00	3.970000e+00	2.959850e+00	2.959850e-01
3.980000000000000e+00	3.980000e+00	2.969177e+00	2.969177e-01
3.990000000000000e+00	3.990000e+00	2.978505e+00	2.978505e-01
4.000000000000000e+00	4.000000e+00	2.987834e+00	2.987834e-01
4.010000000000000e+00	4.010000e+00	2.997163e+00	2.997163e-01
4.020000000000000e+00	4.020000e+00	3.006492e+00	3.006492e-01
4.030000000000000e+00	4.030000e+00	3.015822e+00	3.015822e-01
4.040000000000000e+00	4.040000e+00	3.025152e+00	3.025152e-01
4.050000000000000e+00	4.050000e+00	3.034482e+00	3.034482e-01
4.060000000000000e+00	4.060000e+00	3.043813e+00	3.043813e-01
4.070000000000000e+00	4.070000e+00	3.053144e+00	3.053144e-01
4.080000000000000e+00	4.080000e+00	3.062476e+00	3.062476e-01
4.090000000000000e+00	4.090000e+00	3.071808e+00	3.071808e-01
4.100000000000000e+00	4.100000e+00	3.081141e+00	3.081141e-01
4.110000000000000e+00	4.110000e+00	3.090473e+00	3.090473e-01
4.120000000000000e+00	4.120000e+00	3.099807e+00	3.099807e-01
4.130000000000000e+00	4.130000e+00	3.109140e+00	3.109140e-01
4.140000000000000e+00	4.140000e+00	3.118474e+00	3.118474e-01
4.150000000000000e+00	4.150000e+00	3.127809e+00	3.127809e-01
4.160000000000000e+00	4.160000e+00	3.137143e+00	3.137143e-01
4.170000000000000e+00	4.170000e+00	3.146478e+00	3.146479e-01
4.180000000000000e+00	4.180000e+00	3.155814e+00	3.155814e-01
4.190000000000000e+00	4.190000e+00	3.165150e+00	3.165150e-01
4.200000000000000e+00	4.200000e+00	3.174486e+00	3.174486e-01
4.210000000000000e+00	4.210000e+00	3.183823e+00	3.183823e-01
4.220000000000000e+00	4.220000e+00	3.193160e+00	3.193160e-01
4.230000000000000e+00	4.230000e+00	3.202497e+00	3.202497e-01
4.240000000000000e+00	4.240000e+00	3.211835e+00	3.211834e-01
4.250000000000000e+00	4.250000e+00	3.221173e+00	3.221173e-01
4.260000000000000e+00	4.260000e+00	3.230511e+00	3.230511e-01
4.270000000000000e+00	4.270000e+00	3.239850e+00	3.239850e-01
4.280000000000000e+00	4.280000e+00	3.249189e+00	3.249189e-01
4.290000000000000e+00	4.290000e+00	3.258528e+00	3.258528e-01
4.300000000000000e+00	4.300000e+00	3.267868e+00	3.267868e-01
4.310000000000000e+00	4.310000e+00	3.277208e+00	3.277208e-01
4.320000000000000e+00	4.320000e+00	3.286549e+00	3.286549e-01
4.330000000000000e+00	4.330000e+00	3.295890e+00	3.295889e-01
4.340000000000000e+00	4.340000e+00	3.305231e+00	3.305231e-01
4.350000000000001e+00	4.350000e+00	3.314572e+00	3.314572e-01
4.360000000000000e+00	4.360000e+00	3.323914e+00	3.323914e-01
4.370000000000000e+00	4.370000e+00	3.333256e+00	3.333256e-01
4.380000000000000e+00	4.380000e+00	3.342599e+00	3.342599e-01
4.390000000000000e+00	4.390000e+00	3.351942e+00	3.351942e-01
4.400000000000000e+00	4.400000e+00	3.361285e+00	3.361285e-01
4.410000000000000e+00	4.410000e+00	3.370628e+00	3.370628e-01
4.420000000000000e+00	4.420000e+00	3.379972e+00	3.379972e-01
4.430000000000000e+00	4.430000e+00	3.389316e+00	3.389316e-01
4.440000000000000e+00	4.440000e+00	3.398661e+00	3.398661e-01
4.450000000000000e+00	4.450000e+00	3.408005e+00	3.408006e-01
4.460000000000000e+00	4.460000e+00	3.417351e+00	3.417351e-01
4.470000000000000e+00	4.470000e+00	3.426696e+00	3.426696e-01
4.480000000000000e+00	4.480000e+00	3.436042e+00	3.436042e-01
4.490000000000000e+00	4.490000e+00	3.445388e+00	3.445388e-01
4.500000000000000e+00	4.500000e+00	3.454734e+00	3.454734e-01
4.510000000000000e+00	4.510000e+00	3.464081e+00	3.464081e-01
4.520000000000000e+00	4.520000e+00	3.473428e+00	3.473428e-01
4.530000000000000e+00	4.530000e+00	3.482775e+00	3.482775e-01
4.540000000000000e+00	4.540000e+00	3.492123e+00	3.492123e-01
4.550000000000000e+00	4.550000e+00	3.501471e+00	3.501471e-01
4.560000000000000e+00	4.560000e+00	3.510819e+00	3.510819e-01
4.570000000000000e+00	4.570000e+00	3.520167e+00	3.520167e-01
4.580000000000000e+00	4.580000e+00	3.529516e+00	3.529516e-01
4.590000000000000e+00	4.590000e+00	3.538865e+00	3.538865e-01
4.600000000000001e+00	4.600000e+00	3.548215e+00	3.548215e-01
4.610000000000000e+00	4.610000e+00	3.557564e+00	3.557564e-01
4.620000000000000e+00	4.620000e+00	3.566914e+00	3.566914e-01
4.630000000000000e+00	4.630000e+00	3.576265e+00	3.576265e-01
4.640000000000000e+00	4.640000e+00	3.585615e+00	3.585615e-01
4.650000000000000e+00	4.650000e+00	3.594966e+00	3.594966e-01
4.660000000000000e+00	4.660000e+00	3.604317e+00	3.604317e-01
4.670000000000000e+00	4.670000e+00	3.613668e+00	3.613669e-01
4.680000000000000e+00	4.680000e+00	3.623020e+00	3.623020e-01
4.690000000000000e+00	4.690000e+00	3.632372e+00	3.632372e-01
4.700000000000000e+00	4.700000e+00	3.641725e+00	3.641725e-01
4.710000000000000e+00	4.710000e+00	3.651077e+00	3.651077e-01
4.720000000000000e+00	4.720000e+00	3.660430e+00	3.660430e-01
4.730000000000000e+00	4.730000e+00	3.669783e+00	3.669783e-01
4.740000000000000e+00	4.740000e+00	3.679136e+00	3.679136e-01
4.750000000000000e+00	4.750000e+00	3.688490e+00	3.688490e-01
4.760000000000000e+00	4.760000e+00	3.697844e+00	3.697844e-01
4.770000000000000e+00	4.770000e+00	3.707198e+00	3.707198e-01
4.780000000000000e+00	4.780000e+00	3.716552e+00	3.716553e-01
4.790000000000000e+00	4.790000e+00	3.725907e+00	3.725907e-01
4.800000000000000e+00	4.800000e+00	3.735262e+00	3.735262e-01
4.810000000000000e+00	4.810000e+00	3.744618e+00	3.744618e-01
4.820000000000000e+00	4.820000e+00	3.753973e+00	3.753973e-01
4.830000000000000e+00	4.830000e+00	3.763329e+00	3.763329e-01
4.840000000000000e+00	4.840000e+00	3.772685e+00	3.772685e-01
4.850000000000001e+00	4.850000e+00	3.782041e+00	3.782041e-01
4.860000000000000e+00	4.860000e+00	3.791398e+00	3.791398e-01
4.870000000000000e+00	4.870000e+00	3.800755e+00	3.800755e-01
4.880000000000000e+00	4.880000e+00	3.810112e+00	3.810112e-01
4.890000000000000e+00	4.890000e+00	3.819469e+00	3.819469e-01
4.900000000000000e+00	4.900000e+00	3.828827e+00	3.828827e-01
4.910000000000000e+00	4.910000e+00	3.838185e+00	3.838184e-01
4.920000000000000e+00	4.920000e+00	3.847543e+00	3.847543e-01
4.930000000000000e+00	4.930000e+00	3.856901e+00	3.856901e-01
4.940000000000000e+00	4.940000e+00	3.866260e+00	3.866260e-01
4.950000000000000e+00	4.950000e+00	3.875618e+00	3.875619e-01
4.960000000000000e+00	4.960000e+00	3.884978e+00	3.884978e-01
4.970000000000000e+00	4.970000e+00	3.894337e+00	3.894337e-01
4.980000000000000e+00	4.980000e+00	3.903697e+00	3.903697e-01
4.990000000000000e+00	4.990000e+00	3.913056e+00	3.913057e-01
5.000000000000000e+00	5.000000e+00	3.922416e+00	3.922417e-01