V1	V(n001)	I(D2)
0.000000000000000e+00	0.000000e+00	0.000000e+00
1.000000000000000e-02	1.000000e-02	6.222453e-10
2.000000000000000e-02	2.000000e-02	1.398132e-09
3.000000000000000e-02	3.000000e-02	2.365598e-09
4.000000000000000e-02	4.000000e-02	3.571946e-09
5.000000000000000e-02	5.000000e-02	5.076162e-09
6.000000000000000e-02	6.000000e-02	6.951795e-09
7.000000000000001e-02	7.000000e-02	9.290554e-09
8.000000000000000e-02	8.000000e-02	1.220679e-08
9.000000000000000e-02	9.000000e-02	1.584310e-08
1.000000000000000e-01	1.000000e-01	2.037729e-08
1.100000000000000e-01	1.100000e-01	2.603104e-08
1.200000000000000e-01	1.200000e-01	3.308081e-08
1.300000000000000e-01	1.300000e-01	4.187130e-08
1.400000000000000e-01	1.400000e-01	5.283231e-08
1.500000000000000e-01	1.500000e-01	6.649980e-08
1.600000000000000e-01	1.600000e-01	8.354204e-08
1.700000000000000e-01	1.700000e-01	1.047923e-07
1.800000000000000e-01	1.800000e-01	1.312897e-07
1.900000000000000e-01	1.900000e-01	1.643297e-07
2.000000000000000e-01	2.000000e-01	2.055279e-07
2.100000000000000e-01	2.100000e-01	2.568986e-07
2.200000000000000e-01	2.200000e-01	3.209536e-07
2.300000000000000e-01	2.300000e-01	4.008249e-07
2.400000000000000e-01	2.400000e-01	5.004176e-07
2.500000000000000e-01	2.500000e-01	6.246013e-07
2.600000000000000e-01	2.600000e-01	7.794478e-07
2.700000000000000e-01	2.700000e-01	9.725280e-07
2.800000000000000e-01	2.800000e-01	1.213282e-06
2.900000000000000e-01	2.900000e-01	1.513480e-06
3.000000000000000e-01	3.000000e-01	1.887801e-06
3.100000000000000e-01	3.100000e-01	2.354542e-06
3.200000000000000e-01	3.200000e-01	2.936524e-06
3.300000000000000e-01	3.300000e-01	3.662196e-06
3.400000000000000e-01	3.400000e-01	4.567031e-06
3.500000000000000e-01	3.500000e-01	5.695259e-06
3.600000000000000e-01	3.600000e-01	7.102022e-06
3.700000000000000e-01	3.700000e-01	8.856072e-06
3.800000000000000e-01	3.800000e-01	1.104312e-05
3.900000000000000e-01	3.900000e-01	1.377003e-05
4.000000000000000e-01	4.000000e-01	1.717000e-05
4.100000000000000e-01	4.100000e-01	2.140907e-05
4.200000000000000e-01	4.200000e-01	2.669423e-05
4.300000000000000e-01	4.300000e-01	3.328341e-05
4.400000000000000e-01	4.400000e-01	4.149806e-05
4.500000000000000e-01	4.500000e-01	5.173869e-05
4.600000000000000e-01	4.600000e-01	6.450425e-05
4.700000000000000e-01	4.700000e-01	8.041614e-05
4.800000000000000e-01	4.800000e-01	1.002481e-04
4.900000000000000e-01	4.900000e-01	1.249631e-04
5.000000000000000e-01	5.000000e-01	1.557594e-04
5.100000000000000e-01	5.100000e-01	1.941265e-04
5.200000000000000e-01	5.200000e-01	2.419157e-04
5.300000000000000e-01	5.300000e-01	3.014249e-04
5.400000000000000e-01	5.400000e-01	3.755042e-04
5.500000000000000e-01	5.500000e-01	4.676831e-04
5.600000000000001e-01	5.600000e-01	5.823261e-04
5.700000000000001e-01	5.700000e-01	7.248183e-04
5.800000000000000e-01	5.800000e-01	9.017875e-04
5.900000000000000e-01	5.900000e-01	1.121366e-03
6.000000000000000e-01	6.000000e-01	1.393491e-03
6.100000000000000e-01	6.100000e-01	1.730252e-03
6.200000000000000e-01	6.200000e-01	2.146263e-03
6.300000000000000e-01	6.300000e-01	2.659069e-03
6.400000000000000e-01	6.400000e-01	3.289544e-03
6.500000000000000e-01	6.500000e-01	4.062257e-03
6.600000000000000e-01	6.600000e-01	5.005751e-03
6.700000000000000e-01	6.700000e-01	6.152671e-03
6.800000000000000e-01	6.800000e-01	7.539649e-03
6.900000000000001e-01	6.900000e-01	9.206888e-03
7.000000000000001e-01	7.000000e-01	1.119734e-02
7.100000000000000e-01	7.100000e-01	1.355549e-02
7.200000000000000e-01	7.200000e-01	1.632571e-02
7.300000000000000e-01	7.300000e-01	1.955038e-02
7.400000000000000e-01	7.400000e-01	2.326783e-02
7.500000000000000e-01	7.500000e-01	2.751045e-02
7.600000000000000e-01	7.600000e-01	3.230318e-02
7.700000000000000e-01	7.700000e-01	3.766248e-02
7.800000000000000e-01	7.800000e-01	4.359603e-02
7.900000000000000e-01	7.900000e-01	5.010299e-02
8.000000000000000e-01	8.000000e-01	5.717491e-02
8.100000000000001e-01	8.100000e-01	6.479681e-02
8.200000000000001e-01	8.200000e-01	7.294863e-02
8.300000000000001e-01	8.300000e-01	8.160663e-02
8.400000000000000e-01	8.400000e-01	9.074461e-02
8.500000000000000e-01	8.500000e-01	1.003351e-01
8.600000000000000e-01	8.600000e-01	1.103503e-01
8.700000000000000e-01	8.700000e-01	1.207625e-01
8.800000000000000e-01	8.800000e-01	1.315451e-01
8.900000000000000e-01	8.900000e-01	1.426725e-01
9.000000000000000e-01	9.000000e-01	1.541205e-01
9.100000000000000e-01	9.100000e-01	1.658665e-01
9.200000000000000e-01	9.200000e-01	1.778893e-01
9.300000000000000e-01	9.300000e-01	1.901694e-01
9.400000000000001e-01	9.400000e-01	2.026886e-01
9.500000000000001e-01	9.500000e-01	2.154303e-01
9.600000000000000e-01	9.600000e-01	2.283792e-01
9.700000000000000e-01	9.700000e-01	2.415212e-01
9.800000000000000e-01	9.800000e-01	2.548433e-01
9.900000000000000e-01	9.900000e-01	2.683337e-01
1.000000000000000e+00	1.000000e+00	2.819814e-01
1.010000000000000e+00	1.010000e+00	2.957765e-01
1.020000000000000e+00	1.020000e+00	3.097097e-01
1.030000000000000e+00	1.030000e+00	3.237726e-01
1.040000000000000e+00	1.040000e+00	3.379574e-01
1.050000000000000e+00	1.050000e+00	3.522569e-01
1.060000000000000e+00	1.060000e+00	3.666644e-01
1.070000000000000e+00	1.070000e+00	3.811739e-01
1.080000000000000e+00	1.080000e+00	3.957796e-01
1.090000000000000e+00	1.090000e+00	4.104764e-01
1.100000000000000e+00	1.100000e+00	4.252594e-01
1.110000000000000e+00	1.110000e+00	4.401239e-01
1.120000000000000e+00	1.120000e+00	4.550660e-01
1.130000000000000e+00	1.130000e+00	4.700817e-01
1.140000000000000e+00	1.140000e+00	4.851673e-01
1.150000000000000e+00	1.150000e+00	5.003194e-01
1.160000000000000e+00	1.160000e+00	5.155349e-01
1.170000000000000e+00	1.170000e+00	5.308109e-01
1.180000000000000e+00	1.180000e+00	5.461445e-01
1.190000000000000e+00	1.190000e+00	5.615333e-01
1.200000000000000e+00	1.200000e+00	5.769747e-01
1.210000000000000e+00	1.210000e+00	5.924665e-01
1.220000000000000e+00	1.220000e+00	6.080065e-01
1.230000000000000e+00	1.230000e+00	6.235927e-01
1.240000000000000e+00	1.240000e+00	6.392233e-01
1.250000000000000e+00	1.250000e+00	6.548964e-01
1.260000000000000e+00	1.260000e+00	6.706103e-01
1.270000000000000e+00	1.270000e+00	6.863635e-01
1.280000000000000e+00	1.280000e+00	7.021545e-01
1.290000000000000e+00	1.290000e+00	7.179818e-01
1.300000000000000e+00	1.300000e+00	7.338440e-01
1.310000000000000e+00	1.310000e+00	7.497399e-01
1.320000000000000e+00	1.320000e+00	7.656683e-01
1.330000000000000e+00	1.330000e+00	7.816281e-01
1.340000000000000e+00	1.340000e+00	7.976181e-01
1.350000000000000e+00	1.350000e+00	8.136373e-01
1.360000000000000e+00	1.360000e+00	8.296847e-01
1.370000000000000e+00	1.370000e+00	8.457595e-01
1.380000000000000e+00	1.380000e+00	8.618606e-01
1.390000000000000e+00	1.390000e+00	8.779872e-01
1.400000000000000e+00	1.400000e+00	8.941385e-01
1.410000000000000e+00	1.410000e+00	9.103138e-01
1.420000000000000e+00	1.420000e+00	9.265122e-01
1.430000000000000e+00	1.430000e+00	9.427332e-01
1.440000000000000e+00	1.440000e+00	9.589760e-01
1.450000000000000e+00	1.450000e+00	9.752399e-01
1.460000000000000e+00	1.460000e+00	9.915244e-01
1.470000000000000e+00	1.470000e+00	1.007829e+00
1.480000000000000e+00	1.480000e+00	1.024153e+00
1.490000000000000e+00	1.490000e+00	1.040495e+00
1.500000000000000e+00	1.500000e+00	1.056856e+00
1.510000000000000e+00	1.510000e+00	1.073235e+00
1.520000000000000e+00	1.520000e+00	1.089631e+00
1.530000000000000e+00	1.530000e+00	1.106044e+00
1.540000000000000e+00	1.540000e+00	1.122473e+00
1.550000000000000e+00	1.550000e+00	1.138918e+00
1.560000000000000e+00	1.560000e+00	1.155379e+00
1.570000000000000e+00	1.570000e+00	1.171855e+00
1.580000000000000e+00	1.580000e+00	1.188346e+00
1.590000000000000e+00	1.590000e+00	1.204851e+00
1.600000000000000e+00	1.600000e+00	1.221370e+00
1.610000000000000e+00	1.610000e+00	1.237903e+00
1.620000000000000e+00	1.620000e+00	1.254449e+00
1.630000000000000e+00	1.630000e+00	1.271009e+00
1.640000000000000e+00	1.640000e+00	1.287581e+00
1.650000000000000e+00	1.650000e+00	1.304165e+00
1.660000000000000e+00	1.660000e+00	1.320762e+00
1.670000000000000e+00	1.670000e+00	1.337371e+00
1.680000000000000e+00	1.680000e+00	1.353991e+00
1.690000000000000e+00	1.690000e+00	1.370623e+00
1.700000000000000e+00	1.700000e+00	1.387266e+00
1.710000000000000e+00	1.710000e+00	1.403919e+00
1.720000000000000e+00	1.720000e+00	1.420583e+00
1.730000000000000e+00	1.730000e+00	1.437258e+00
1.740000000000000e+00	1.740000e+00	1.453943e+00
1.750000000000000e+00	1.750000e+00	1.470638e+00
1.760000000000000e+00	1.760000e+00	1.487342e+00
1.770000000000000e+00	1.770000e+00	1.504056e+00
1.780000000000000e+00	1.780000e+00	1.520780e+00
1.790000000000000e+00	1.790000e+00	1.537512e+00
1.800000000000000e+00	1.800000e+00	1.554254e+00
1.810000000000000e+00	1.810000e+00	1.571004e+00
1.820000000000000e+00	1.820000e+00	1.587763e+00
1.830000000000000e+00	1.830000e+00	1.604531e+00
1.840000000000000e+00	1.840000e+00	1.621307e+00
1.850000000000000e+00	1.850000e+00	1.638091e+00
1.860000000000000e+00	1.860000e+00	1.654883e+00
1.870000000000000e+00	1.870000e+00	1.671683e+00
1.880000000000000e+00	1.880000e+00	1.688490e+00
1.890000000000000e+00	1.890000e+00	1.705305e+00
1.900000000000000e+00	1.900000e+00	1.722128e+00
1.910000000000000e+00	1.910000e+00	1.738957e+00
1.920000000000000e+00	1.920000e+00	1.755794e+00
1.930000000000000e+00	1.930000e+00	1.772638e+00
1.940000000000000e+00	1.940000e+00	1.789489e+00
1.950000000000000e+00	1.950000e+00	1.806347e+00
1.960000000000000e+00	1.960000e+00	1.823211e+00
1.970000000000000e+00	1.970000e+00	1.840082e+00
1.980000000000000e+00	1.980000e+00	1.856959e+00
1.990000000000000e+00	1.990000e+00	1.873842e+00
2.000000000000000e+00	2.000000e+00	1.890732e+00
2.010000000000000e+00	2.010000e+00	1.907628e+00
2.020000000000000e+00	2.020000e+00	1.924530e+00
2.030000000000000e+00	2.030000e+00	1.941438e+00
2.040000000000000e+00	2.040000e+00	1.958351e+00
2.050000000000000e+00	2.050000e+00	1.975271e+00
2.060000000000000e+00	2.060000e+00	1.992195e+00
2.070000000000000e+00	2.070000e+00	2.009126e+00
2.080000000000000e+00	2.080000e+00	2.026062e+00
2.090000000000000e+00	2.090000e+00	2.043003e+00
2.100000000000000e+00	2.100000e+00	2.059950e+00
2.110000000000000e+00	2.110000e+00	2.076902e+00
2.120000000000000e+00	2.120000e+00	2.093858e+00
2.130000000000000e+00	2.130000e+00	2.110821e+00
2.140000000000000e+00	2.140000e+00	2.127787e+00
2.150000000000000e+00	2.150000e+00	2.144759e+00
2.160000000000000e+00	2.160000e+00	2.161736e+00
2.170000000000000e+00	2.170000e+00	2.178717e+00
2.180000000000000e+00	2.180000e+00	2.195703e+00
2.190000000000000e+00	2.190000e+00	2.212694e+00
2.200000000000000e+00	2.200000e+00	2.229689e+00
2.210000000000000e+00	2.210000e+00	2.246689e+00
2.220000000000000e+00	2.220000e+00	2.263693e+00
2.230000000000000e+00	2.230000e+00	2.280701e+00
2.240000000000000e+00	2.240000e+00	2.297714e+00
2.250000000000000e+00	2.250000e+00	2.314731e+00
2.260000000000000e+00	2.260000e+00	2.331752e+00
2.270000000000000e+00	2.270000e+00	2.348777e+00
2.280000000000000e+00	2.280000e+00	2.365807e+00
2.290000000000000e+00	2.290000e+00	2.382840e+00
2.300000000000000e+00	2.300000e+00	2.399877e+00
2.310000000000000e+00	2.310000e+00	2.416918e+00
2.320000000000000e+00	2.320000e+00	2.433963e+00
2.330000000000000e+00	2.330000e+00	2.451012e+00
2.340000000000000e+00	2.340000e+00	2.468065e+00
2.350000000000000e+00	2.350000e+00	2.485121e+00
2.360000000000000e+00	2.360000e+00	2.502181e+00
2.370000000000000e+00	2.370000e+00	2.519244e+00
2.380000000000000e+00	2.380000e+00	2.536311e+00
2.390000000000000e+00	2.390000e+00	2.553381e+00
2.400000000000000e+00	2.400000e+00	2.570455e+00
2.410000000000000e+00	2.410000e+00	2.587533e+00
2.420000000000000e+00	2.420000e+00	2.604613e+00
2.430000000000000e+00	2.430000e+00	2.621697e+00
2.440000000000000e+00	2.440000e+00	2.638785e+00
2.450000000000000e+00	2.450000e+00	2.655875e+00
2.460000000000000e+00	2.460000e+00	2.672969e+00
2.470000000000000e+00	2.470000e+00	2.690066e+00
2.480000000000000e+00	2.480000e+00	2.707166e+00
2.490000000000000e+00	2.490000e+00	2.724269e+00
2.500000000000000e+00	2.500000e+00	2.741376e+00
2.510000000000000e+00	2.510000e+00	2.758485e+00
2.520000000000000e+00	2.520000e+00	2.775597e+00
2.530000000000000e+00	2.530000e+00	2.792712e+00
2.540000000000000e+00	2.540000e+00	2.809830e+00
2.550000000000000e+00	2.550000e+00	2.826952e+00
2.560000000000000e+00	2.560000e+00	2.844075e+00
2.570000000000000e+00	2.570000e+00	2.861202e+00
2.580000000000000e+00	2.580000e+00	2.878331e+00
2.590000000000000e+00	2.590000e+00	2.895463e+00
2.600000000000000e+00	2.600000e+00	2.912598e+00
2.610000000000000e+00	2.610000e+00	2.929736e+00
2.620000000000000e+00	2.620000e+00	2.946876e+00
2.630000000000000e+00	2.630000e+00	2.964019e+00
2.640000000000000e+00	2.640000e+00	2.981165e+00
2.650000000000000e+00	2.650000e+00	2.998313e+00
2.660000000000000e+00	2.660000e+00	3.015463e+00
2.670000000000000e+00	2.670000e+00	3.032616e+00
2.680000000000000e+00	2.680000e+00	3.049772e+00
2.690000000000000e+00	2.690000e+00	3.066930e+00
2.700000000000000e+00	2.700000e+00	3.084090e+00
2.710000000000000e+00	2.710000e+00	3.101253e+00
2.720000000000000e+00	2.720000e+00	3.118419e+00
2.730000000000000e+00	2.730000e+00	3.135586e+00
2.740000000000000e+00	2.740000e+00	3.152756e+00
2.750000000000000e+00	2.750000e+00	3.169928e+00
2.760000000000000e+00	2.760000e+00	3.187103e+00
2.770000000000000e+00	2.770000e+00	3.204280e+00
2.780000000000000e+00	2.780000e+00	3.221459e+00
2.790000000000000e+00	2.790000e+00	3.238640e+00
2.800000000000000e+00	2.800000e+00	3.255824e+00
2.810000000000000e+00	2.810000e+00	3.273009e+00
2.820000000000000e+00	2.820000e+00	3.290197e+00
2.830000000000000e+00	2.830000e+00	3.307387e+00
2.840000000000000e+00	2.840000e+00	3.324579e+00
2.850000000000000e+00	2.850000e+00	3.341773e+00
2.860000000000000e+00	2.860000e+00	3.358969e+00
2.870000000000000e+00	2.870000e+00	3.376167e+00
2.880000000000000e+00	2.880000e+00	3.393368e+00
2.890000000000000e+00	2.890000e+00	3.410570e+00
2.900000000000000e+00	2.900000e+00	3.427774e+00
2.910000000000000e+00	2.910000e+00	3.444980e+00
2.920000000000000e+00	2.920000e+00	3.462188e+00
2.930000000000000e+00	2.930000e+00	3.479398e+00
2.940000000000000e+00	2.940000e+00	3.496610e+00
2.950000000000000e+00	2.950000e+00	3.513824e+00
2.960000000000000e+00	2.960000e+00	3.531040e+00
2.970000000000000e+00	2.970000e+00	3.548257e+00
2.980000000000000e+00	2.980000e+00	3.565477e+00
2.990000000000000e+00	2.990000e+00	3.582698e+00
3.000000000000000e+00	3.000000e+00	3.599921e+00
3.010000000000000e+00	3.010000e+00	3.617146e+00
3.020000000000000e+00	3.020000e+00	3.634372e+00
3.030000000000000e+00	3.030000e+00	3.651601e+00
3.040000000000000e+00	3.040000e+00	3.668831e+00
3.050000000000000e+00	3.050000e+00	3.686063e+00
3.060000000000000e+00	3.060000e+00	3.703296e+00
3.070000000000000e+00	3.070000e+00	3.720531e+00
3.080000000000000e+00	3.080000e+00	3.737768e+00
3.090000000000000e+00	3.090000e+00	3.755007e+00
3.100000000000000e+00	3.100000e+00	3.772247e+00
3.110000000000000e+00	3.110000e+00	3.789489e+00
3.120000000000000e+00	3.120000e+00	3.806732e+00
3.130000000000000e+00	3.130000e+00	3.823977e+00
3.140000000000000e+00	3.140000e+00	3.841224e+00
3.150000000000000e+00	3.150000e+00	3.858472e+00
3.160000000000000e+00	3.160000e+00	3.875722e+00
3.170000000000000e+00	3.170000e+00	3.892973e+00
3.180000000000000e+00	3.180000e+00	3.910226e+00
3.190000000000000e+00	3.190000e+00	3.927480e+00
3.200000000000000e+00	3.200000e+00	3.944736e+00
3.210000000000000e+00	3.210000e+00	3.961993e+00
3.220000000000000e+00	3.220000e+00	3.979252e+00
3.230000000000000e+00	3.230000e+00	3.996513e+00
3.240000000000000e+00	3.240000e+00	4.013774e+00
3.250000000000000e+00	3.250000e+00	4.031038e+00
3.260000000000000e+00	3.260000e+00	4.048302e+00
3.270000000000000e+00	3.270000e+00	4.065568e+00
3.280000000000000e+00	3.280000e+00	4.082836e+00
3.290000000000000e+00	3.290000e+00	4.100105e+00
3.300000000000000e+00	3.300000e+00	4.117375e+00
3.310000000000000e+00	3.310000e+00	4.134647e+00
3.320000000000000e+00	3.320000e+00	4.151920e+00
3.330000000000000e+00	3.330000e+00	4.169194e+00
3.340000000000000e+00	3.340000e+00	4.186470e+00
3.350000000000000e+00	3.350000e+00	4.203747e+00
3.360000000000000e+00	3.360000e+00	4.221025e+00
3.370000000000000e+00	3.370000e+00	4.238305e+00
3.380000000000000e+00	3.380000e+00	4.255586e+00
3.390000000000000e+00	3.390000e+00	4.272868e+00
3.400000000000000e+00	3.400000e+00	4.290152e+00
3.410000000000000e+00	3.410000e+00	4.307437e+00
3.420000000000000e+00	3.420000e+00	4.324723e+00
3.430000000000000e+00	3.430000e+00	4.342010e+00
3.440000000000000e+00	3.440000e+00	4.359299e+00
3.450000000000000e+00	3.450000e+00	4.376589e+00
3.460000000000000e+00	3.460000e+00	4.393880e+00
3.470000000000000e+00	3.470000e+00	4.411172e+00
3.480000000000000e+00	3.480000e+00	4.428465e+00
3.490000000000000e+00	3.490000e+00	4.445760e+00
3.500000000000000e+00	3.500000e+00	4.463056e+00
3.510000000000000e+00	3.510000e+00	4.480353e+00
3.520000000000000e+00	3.520000e+00	4.497651e+00
3.530000000000000e+00	3.530000e+00	4.514951e+00
3.540000000000000e+00	3.540000e+00	4.532251e+00
3.550000000000000e+00	3.550000e+00	4.549553e+00
3.560000000000000e+00	3.560000e+00	4.566855e+00
3.570000000000000e+00	3.570000e+00	4.584159e+00
3.580000000000000e+00	3.580000e+00	4.601465e+00
3.590000000000000e+00	3.590000e+00	4.618771e+00
3.600000000000000e+00	3.600000e+00	4.636078e+00
3.610000000000000e+00	3.610000e+00	4.653386e+00
3.620000000000000e+00	3.620000e+00	4.670696e+00
3.630000000000000e+00	3.630000e+00	4.688006e+00
3.640000000000000e+00	3.640000e+00	4.705318e+00
3.650000000000000e+00	3.650000e+00	4.722631e+00
3.660000000000000e+00	3.660000e+00	4.739944e+00
3.670000000000000e+00	3.670000e+00	4.757259e+00
3.680000000000000e+00	3.680000e+00	4.774575e+00
3.690000000000000e+00	3.690000e+00	4.791892e+00
3.700000000000000e+00	3.700000e+00	4.809209e+00
3.710000000000000e+00	3.710000e+00	4.826528e+00
3.720000000000000e+00	3.720000e+00	4.843848e+00
3.730000000000000e+00	3.730000e+00	4.861169e+00
3.740000000000000e+00	3.740000e+00	4.878490e+00
3.750000000000000e+00	3.750000e+00	4.895813e+00
3.760000000000000e+00	3.760000e+00	4.913137e+00
3.770000000000000e+00	3.770000e+00	4.930462e+00
3.780000000000000e+00	3.780000e+00	4.947788e+00
3.790000000000000e+00	3.790000e+00	4.965115e+00
3.800000000000000e+00	3.800000e+00	4.982442e+00
3.810000000000000e+00	3.810000e+00	4.999771e+00
3.820000000000000e+00	3.820000e+00	5.017100e+00
3.830000000000000e+00	3.830000e+00	5.034431e+00
3.840000000000000e+00	3.840000e+00	5.051763e+00
3.850000000000000e+00	3.850000e+00	5.069095e+00
3.860000000000000e+00	3.860000e+00	5.086428e+00
3.870000000000000e+00	3.870000e+00	5.103762e+00
3.880000000000000e+00	3.880000e+00	5.121098e+00
3.890000000000000e+00	3.890000e+00	5.138433e+00
3.900000000000000e+00	3.900000e+00	5.155770e+00
3.910000000000000e+00	3.910000e+00	5.173108e+00
3.920000000000000e+00	3.920000e+00	5.190447e+00
3.930000000000000e+00	3.930000e+00	5.207787e+00
3.940000000000000e+00	3.940000e+00	5.225127e+00
3.950000000000000e+00	3.950000e+00	5.242468e+00
3.960000000000000e+00	3.960000e+00	5.259810e+00
3.970000000000000e+00	3.970000e+00	5.277153e+00
3.980000000000000e+00	3.980000e+00	5.294497e+00
3.990000000000000e+00	3.990000e+00	5.311842e+00
4.000000000000000e+00	4.000000e+00	5.329187e+00
4.010000000000000e+00	4.010000e+00	5.346534e+00
4.020000000000000e+00	4.020000e+00	5.363881e+00
4.030000000000000e+00	4.030000e+00	5.381229e+00
4.040000000000000e+00	4.040000e+00	5.398578e+00
4.050000000000000e+00	4.050000e+00	5.415927e+00
4.060000000000000e+00	4.060000e+00	5.433278e+00
4.070000000000000e+00	4.070000e+00	5.450629e+00
4.080000000000000e+00	4.080000e+00	5.467981e+00
4.090000000000000e+00	4.090000e+00	5.485334e+00
4.100000000000000e+00	4.100000e+00	5.502688e+00
4.110000000000000e+00	4.110000e+00	5.520042e+00
4.120000000000000e+00	4.120000e+00	5.537397e+00
4.130000000000000e+00	4.130000e+00	5.554753e+00
4.140000000000000e+00	4.140000e+00	5.572110e+00
4.150000000000000e+00	4.150000e+00	5.589468e+00
4.160000000000000e+00	4.160000e+00	5.606826e+00
4.170000000000000e+00	4.170000e+00	5.624185e+00
4.180000000000000e+00	4.180000e+00	5.641545e+00
4.190000000000000e+00	4.190000e+00	5.658905e+00
4.200000000000000e+00	4.200000e+00	5.676266e+00
4.210000000000000e+00	4.210000e+00	5.693628e+00
4.220000000000000e+00	4.220000e+00	5.710991e+00
4.230000000000000e+00	4.230000e+00	5.728354e+00
4.240000000000000e+00	4.240000e+00	5.745718e+00
4.250000000000000e+00	4.250000e+00	5.763083e+00
4.260000000000000e+00	4.260000e+00	5.780449e+00
4.270000000000000e+00	4.270000e+00	5.797815e+00
4.280000000000000e+00	4.280000e+00	5.815183e+00
4.290000000000000e+00	4.290000e+00	5.832550e+00
4.300000000000000e+00	4.300000e+00	5.849918e+00
4.310000000000000e+00	4.310000e+00	5.867288e+00
4.320000000000000e+00	4.320000e+00	5.884657e+00
4.330000000000000e+00	4.330000e+00	5.902028e+00
4.340000000000000e+00	4.340000e+00	5.919399e+00
4.350000000000001e+00	4.350000e+00	5.936771e+00
4.360000000000000e+00	4.360000e+00	5.954144e+00
4.370000000000000e+00	4.370000e+00	5.971517e+00
4.380000000000000e+00	4.380000e+00	5.988891e+00
4.390000000000000e+00	4.390000e+00	6.006265e+00
4.400000000000000e+00	4.400000e+00	6.023640e+00
4.410000000000000e+00	4.410000e+00	6.041016e+00
4.420000000000000e+00	4.420000e+00	6.058393e+00
4.430000000000000e+00	4.430000e+00	6.075769e+00
4.440000000000000e+00	4.440000e+00	6.093147e+00
4.450000000000000e+00	4.450000e+00	6.110526e+00
4.460000000000000e+00	4.460000e+00	6.127905e+00
4.470000000000000e+00	4.470000e+00	6.145285e+00
4.480000000000000e+00	4.480000e+00	6.162665e+00
4.490000000000000e+00	4.490000e+00	6.180046e+00
4.500000000000000e+00	4.500000e+00	6.197427e+00
4.510000000000000e+00	4.510000e+00	6.214809e+00
4.520000000000000e+00	4.520000e+00	6.232193e+00
4.530000000000000e+00	4.530000e+00	6.249576e+00
4.540000000000000e+00	4.540000e+00	6.266960e+00
4.550000000000000e+00	4.550000e+00	6.284345e+00
4.560000000000000e+00	4.560000e+00	6.301730e+00
4.570000000000000e+00	4.570000e+00	6.319116e+00
4.580000000000000e+00	4.580000e+00	6.336502e+00
4.590000000000000e+00	4.590000e+00	6.353889e+00
4.600000000000001e+00	4.600000e+00	6.371276e+00
4.610000000000000e+00	4.610000e+00	6.388665e+00
4.620000000000000e+00	4.620000e+00	6.406054e+00
4.630000000000000e+00	4.630000e+00	6.423443e+00
4.640000000000000e+00	4.640000e+00	6.440833e+00
4.650000000000000e+00	4.650000e+00	6.458223e+00
4.660000000000000e+00	4.660000e+00	6.475615e+00
4.670000000000000e+00	4.670000e+00	6.493006e+00
4.680000000000000e+00	4.680000e+00	6.510398e+00
4.690000000000000e+00	4.690000e+00	6.527791e+00
4.700000000000000e+00	4.700000e+00	6.545185e+00
4.710000000000000e+00	4.710000e+00	6.562578e+00
4.720000000000000e+00	4.720000e+00	6.579973e+00
4.730000000000000e+00	4.730000e+00	6.597368e+00
4.740000000000000e+00	4.740000e+00	6.614763e+00
4.750000000000000e+00	4.750000e+00	6.632159e+00
4.760000000000000e+00	4.760000e+00	6.649556e+00
4.770000000000000e+00	4.770000e+00	6.666953e+00
4.780000000000000e+00	4.780000e+00	6.684351e+00
4.790000000000000e+00	4.790000e+00	6.701749e+00
4.800000000000000e+00	4.800000e+00	6.719148e+00
4.810000000000000e+00	4.810000e+00	6.736547e+00
4.820000000000000e+00	4.820000e+00	6.753947e+00
4.830000000000000e+00	4.830000e+00	6.771348e+00
4.840000000000000e+00	4.840000e+00	6.788748e+00
4.850000000000001e+00	4.850000e+00	6.806150e+00
4.860000000000000e+00	4.860000e+00	6.823552e+00
4.870000000000000e+00	4.870000e+00	6.840954e+00
4.880000000000000e+00	4.880000e+00	6.858357e+00
4.890000000000000e+00	4.890000e+00	6.875761e+00
4.900000000000000e+00	4.900000e+00	6.893165e+00
4.910000000000000e+00	4.910000e+00	6.910569e+00
4.920000000000000e+00	4.920000e+00	6.927974e+00
4.930000000000000e+00	4.930000e+00	6.945379e+00
4.940000000000000e+00	4.940000e+00	6.962785e+00
4.950000000000000e+00	4.950000e+00	6.980192e+00
4.960000000000000e+00	4.960000e+00	6.997599e+00
4.970000000000000e+00	4.970000e+00	7.015006e+00
4.980000000000000e+00	4.980000e+00	7.032414e+00
4.990000000000000e+00	4.990000e+00	7.049822e+00
5.000000000000000e+00	5.000000e+00	7.067231e+00
